,name,image,height,width,boxes,relative_boxes,annotations,anno_type,relative_annotations,iou_score,max_iou_score,num_of_annotations,avg_score
0,332daf855f4dbcce.jpg,/Mouse/332daf855f4dbcce.jpg,768,1024,"[[1.879492163658142, 329.6649475097656, 962.2576293945312, 760.2496337890625], [560.9346923828125, 203.28408813476562, 792.8311767578125, 454.31787109375], [560.2557373046875, 202.7432861328125, 793.5715942382812, 452.84814453125], [561.4889526367188, 201.90310668945312, 794.5457763671875, 452.57208251953125]]","[[0.0018354415660724044, 0.429251233736674, 0.9397047162055969, 0.9899083773295084], [0.5477877855300903, 0.26469282309214276, 0.7742491960525513, 0.5915597279866537], [0.5471247434616089, 0.2639886538187663, 0.7749722599983215, 0.5896460215250651], [0.5483290553092957, 0.2628946701685588, 0.7759236097335815, 0.5892865657806396]]","[[573.44, 199.68, 787.84, 439.040256]]",<class 'list'>,"[[0.56, 0.26, 0.769375, 0.571667]]","[[0.4278702138504441, 0.9679095559996033, 0.9687261980555154, 0.9699862069372599]]",[0.9699862069372599],1,0.96998620693726
1,cd885acb75076ba2.jpg,/Mouse/cd885acb75076ba2.jpg,749,1024,"[[11.052148818969727, 69.3280258178711, 1023.8292846679688, 736.7994384765625], [13.09912109375, 56.327247619628906, 1019.794921875, 736.4559326171875]]","[[0.010793114081025124, 0.09256078213333925, 0.9998332858085632, 0.983710865789803], [0.012792110443115234, 0.07520326784997183, 0.9958934783935547, 0.9832522464848965]]","[[30.72, 83.22213899999998, 1024.0, 749.0]]",<class 'list'>,"[[0.03, 0.11111099999999997, 1.0, 1.0]]","[[0.9722545044746105, 0.9623208278258002]]",[0.9722545044746105],1,0.9722545044746104
2,43753062a6ff72f0.jpg,/Mouse/43753062a6ff72f0.jpg,684,1024,"[[4.152734279632568, 85.91133117675781, 1002.5109252929688, 668.2667236328125]]","[[0.00405540456995368, 0.12560136136952896, 0.9790145754814148, 0.9769981339661001]]","[[74.07616, 84.955536, 973.8895359999999, 675.286524]]",<class 'list'>,"[[0.07234, 0.124204, 0.9510639999999999, 0.9872609999999999]]",[[0.9456070218075358]],[0.9456070218075358],1,0.9456070218075358
3,e27d7942534aec4c.jpg,/Mouse/e27d7942534aec4c.jpg,734,1024,"[[188.2951202392578, 4.331835746765137, 1022.5164184570312, 718.1160888671875]]","[[0.1838819533586502, 0.005901683578699096, 0.9985511898994446, 0.9783597940969857]]","[[147.34336000000002, 27.376732000000004, 943.2944640000001, 682.20529]]",<class 'list'>,"[[0.14389000000000002, 0.037298000000000005, 0.9211860000000001, 0.929435]]",[[0.8993682374987814]],[0.8993682374987814],1,0.8993682374987814
4,41c3635b5e952f6f.jpg,/Mouse/41c3635b5e952f6f.jpg,798,1024,"[[189.1127166748047, 75.9476089477539, 924.2698974609375, 623.8842163085938]]","[[0.18468038737773895, 0.09517244229041844, 0.9026073217391968, 0.7818097948729245]]","[[212.76672000000002, 113.722182, 584.8657919999999, 601.6592820000001]]",<class 'list'>,"[[0.20778000000000002, 0.142509, 0.5711579999999999, 0.753959]]",[[0.75824003903167]],[0.75824003903167],1,0.75824003903167
5,aea6871877af69dd.jpg,/Mouse/aea6871877af69dd.jpg,768,1024,"[[381.6994934082031, 216.698974609375, 584.0391845703125, 425.68206787109375]]","[[0.37275341153144836, 0.28216012318929035, 0.5703507661819458, 0.55427352587382]]","[[386.56, 217.599744, 599.68, 403.839744]]",<class 'list'>,"[[0.3775, 0.283333, 0.585625, 0.525833]]",[[0.9608800958934787]],[0.9608800958934787],1,0.9608800958934788
6,f78f8d82a4096e80.jpg,/Mouse/f78f8d82a4096e80.jpg,768,1024,"[[66.6080093383789, 276.7591857910156, 510.9300842285156, 734.248046875], [475.39862060546875, 334.08154296875, 642.98486328125, 528.6311645507812]]","[[0.06504688411951065, 0.36036352316538495, 0.4989551603794098, 0.9560521443684896], [0.4642564654350281, 0.43500200907389325, 0.6279149055480957, 0.6883218288421631]]","[[462.72, 332.15999999999997, 667.52, 523.520256]]",<class 'list'>,"[[0.451875, 0.43249999999999994, 0.651875, 0.681667]]","[[0.5276033206796482, 0.962799190752725]]",[0.962799190752725],1,0.962799190752725
7,809b4400ad81e646.jpg,/Mouse/809b4400ad81e646.jpg,767,1024,"[[91.56465148925781, 3.062206983566284, 1024.0, 745.8548583984375]]","[[0.08941860496997833, 0.0039924471754449594, 1.0, 0.9724313668819263]]","[[0.0, 0.0, 1023.0661119999999, 723.144474]]",<class 'list'>,"[[0.0, 0.0, 0.9990879999999999, 0.9428219999999999]]",[[0.939199607294322]],[0.939199607294322],1,0.939199607294322
8,b108a5f10b2f5e23.jpg,/Mouse/b108a5f10b2f5e23.jpg,683,1024,"[[284.55462646484375, 168.2521514892578, 951.8065185546875, 580.3214111328125], [0.0, 392.80059814453125, 1016.4423828125, 671.3931884765625]]","[[0.277885377407074, 0.24634282794913295, 0.929498553276062, 0.8496653164462847], [0.0, 0.5751106854239111, 0.992619514465332, 0.9830061324693448]]","[[0.0, 180.839959, 947.976192, 575.1167350000001]]",<class 'list'>,"[[0.0, 0.264773, 0.925758, 0.842045]]","[[0.8421361910292738, 0.7169508195584956]]",[0.8421361910292738],1,0.8421361910292738
9,9013db87c70fee80.jpg,/Mouse/9013db87c70fee80.jpg,740,1024,"[[487.51165771484375, 328.58831787109375, 616.2676391601562, 487.2991638183594]]","[[0.4760856032371521, 0.44403826739336993, 0.6018238663673401, 0.6585123835383235]]","[[439.80595199999993, 342.62296, 633.153536, 490.29144]]",<class 'list'>,"[[0.42949799999999994, 0.46300399999999997, 0.618314, 0.662556]]",[[0.9298274586924674]],[0.9298274586924674],1,0.9298274586924674
10,555076d1abc657e3.jpg,/Mouse/555076d1abc657e3.jpg,683,1024,"[[0.0, 8.474609375, 844.4122924804688, 642.0029296875]]","[[0.0, 0.012407920021961933, 0.8246213793754578, 0.939975006863104]]","[[0.0, 0.0, 848.0, 672.7488529999999]]",<class 'list'>,"[[0.0, 0.0, 0.828125, 0.984991]]",[[0.96920987773762]],[0.96920987773762],1,0.96920987773762
11,0a97b618e29752b2.jpg,/Mouse/0a97b618e29752b2.jpg,1024,740,"[[45.237205505371094, 11.847900390625, 491.3207092285156, 642.1015625], [25.753490447998047, 5.090136528015137, 735.2107543945312, 1024.0]]","[[0.06113135879104202, 0.011570215225219727, 0.663946904362859, 0.6270523071289062], [0.03480201411891628, 0.004970836453139782, 0.9935280464790963, 1.0]]","[[26.90936, 11.52, 657.3508800000001, 734.08]]",<class 'list'>,"[[0.036364, 0.01125, 0.8883120000000001, 0.716875]]","[[0.8197347630312853, 0.8083313026886298]]",[0.8197347630312853],1,0.8197347630312853
12,83f0fdf101a33313.jpg,/Mouse/83f0fdf101a33313.jpg,858,1024,"[[221.6434326171875, 178.05615234375, 753.5104370117188, 516.6380615234375], [22.188573837280273, 355.51300048828125, 989.1387939453125, 540.4425048828125]]","[[0.21644866466522217, 0.2075246530812937, 0.7358500361442566, 0.6021422628478292], [0.021668529137969017, 0.41435081641990823, 0.9659558534622192, 0.6298863693272873]]","[[40.32, 187.607706, 773.12, 838.151028]]",<class 'list'>,"[[0.039375, 0.21865700000000002, 0.755, 0.976866]]","[[0.6929879754279963, 0.6330194647484291]]",[0.6929879754279963],1,0.6929879754279963
13,002c5a9026f5415c.jpg,/Mouse/002c5a9026f5415c.jpg,683,1024,[],[],"[[405.12, 242.602966, 593.92, 461.52085800000003]]",<class 'list'>,"[[0.395625, 0.355202, 0.58, 0.675726]]",[[]],[0],1,0.0
14,7a5460fe74d72634.jpg,/Mouse/7a5460fe74d72634.jpg,453,1024,"[[56.901954650878906, 88.4418716430664, 598.0828247070312, 396.01824951171875]]","[[0.05556831508874893, 0.19523591974186844, 0.5840652585029602, 0.8742124713282975]]","[[122.24, 86.377134, 948.48, 408.851526]]",<class 'list'>,"[[0.119375, 0.190678, 0.92625, 0.902542]]",[[0.7684328966417429]],[0.7684328966417429],1,0.7684328966417429
15,a96e2adde4f1c612.jpg,/Mouse/a96e2adde4f1c612.jpg,1024,981,"[[259.70989990234375, 100.25634765625, 745.3655395507812, 867.10400390625]]","[[0.26473995912573267, 0.09790658950805664, 0.7598017732423866, 0.8467812538146973]]","[[259.168428, 87.68, 749.3486220000001, 821.76]]",<class 'list'>,"[[0.264188, 0.085625, 0.763862, 0.8025]]",[[0.9649810548060435]],[0.9649810548060435],1,0.9649810548060436
16,8b39db2a0610ea24.jpg,/Mouse/8b39db2a0610ea24.jpg,768,1024,"[[419.0264587402344, 218.3497772216797, 873.3489379882812, 634.7425537109375], [7.7861328125, 9.747851371765137, 1024.0, 744.8154296875], [7.270800590515137, 72.1407241821289, 995.1467895507812, 653.4342651367188], [436.0331115722656, 219.73440551757812, 877.0636596679688, 633.439453125]]","[[0.40920552611351013, 0.28430960575739544, 0.8528798222541809, 0.8264877001444498], [0.007603645324707031, 0.012692514806985855, 1.0, 0.969811757405599], [0.007100391201674938, 0.09393323461214702, 0.9718230366706848, 0.8508258660634359], [0.42581358551979065, 0.2861125071843465, 0.8565074801445007, 0.8247909545898438]]","[[245.12, 48.039936, 874.88, 656.5470720000001]]",<class 'list'>,"[[0.239375, 0.062552, 0.854375, 0.8548790000000001]]","[[0.7691551996596763, 0.7423295490545165, 0.8085935363381163, 0.7585164328134578]]",[0.8085935363381163],1,0.8085935363381163
17,2ddc120722a76da0.jpg,/Mouse/2ddc120722a76da0.jpg,819,1024,[],[],"[[198.4, 123.969573, 657.599488, 455.88897899999995]]",<class 'list'>,"[[0.19375, 0.151367, 0.642187, 0.5566409999999999]]",[[]],[0],1,0.0
18,b2afa9bab534b023.jpg,/Mouse/b2afa9bab534b023.jpg,768,1024,"[[195.98300170898438, 215.2548828125, 613.516357421875, 569.7281494140625]]","[[0.19138965010643005, 0.28027979532877606, 0.5991370677947998, 0.7418335278828939]]","[[178.56819199999998, 212.543232, 618.667008, 577.580544]]",<class 'list'>,"[[0.17438299999999998, 0.27674899999999997, 0.604167, 0.752058]]",[[0.9754075237326094]],[0.9754075237326094],1,0.9754075237326094
19,1f76e1e2b3065acf.jpg,/Mouse/1f76e1e2b3065acf.jpg,768,1024,"[[361.41021728515625, 19.962329864501953, 695.71044921875, 624.44140625], [0.44645994901657104, 1.225683569908142, 353.4013671875, 756.1446533203125], [1.195092797279358, 0.995922863483429, 356.33526611328125, 756.2708740234375]]","[[0.3529396653175354, 0.02599261701107025, 0.6794047355651855, 0.8130747477213541], [0.00043599604396149516, 0.0015959421483178933, 0.34511852264404297, 0.9845633506774902], [0.001167082809843123, 0.0012967745618273814, 0.3479836583137512, 0.984727700551351]]","[[354.304, 18.432000000000002, 686.08, 620.5440000000001]]",<class 'list'>,"[[0.346, 0.024000000000000004, 0.67, 0.8080000000000002]]","[[0.9838627398504014, 0.5491065587991814, 0.550724539286665]]",[0.9838627398504014],1,0.9838627398504014
20,21cd278b48e5dc9c.jpg,/Mouse/21cd278b48e5dc9c.jpg,768,1024,"[[102.75468444824219, 96.8631591796875, 807.3154296875, 569.6793823242188]]","[[0.10034637153148651, 0.12612390518188477, 0.7883939743041992, 0.7417700290679932]]","[[0.0, 91.520256, 806.4, 565.760256]]",<class 'list'>,"[[0.0, 0.11916700000000001, 0.7875, 0.7366670000000001]]",[[0.9365459170223336]],[0.9365459170223336],1,0.9365459170223336
21,4cdf7e1ae1aa412b.jpg,/Mouse/4cdf7e1ae1aa412b.jpg,731,1024,"[[273.37554931640625, 107.60107421875, 762.585693359375, 686.6589965820312]]","[[0.266968309879303, 0.14719709195451436, 0.7447125911712646, 0.939341992588278]]","[[35.84, 100.49641799999999, 888.32, 730.359644]]",<class 'list'>,"[[0.035, 0.137478, 0.8675, 0.999124]]",[[0.7763031052188939]],[0.7763031052188939],1,0.7763031052188939
22,725deaf281fcf237.jpg,/Mouse/725deaf281fcf237.jpg,768,1024,"[[429.28155517578125, 362.0122985839844, 665.8424682617188, 586.3822021484375]]","[[0.4192202687263489, 0.4713701804478963, 0.6502367854118347, 0.763518492380778]]","[[435.2, 356.799744, 638.400512, 609.5999999999999]]",<class 'list'>,"[[0.425, 0.46458299999999997, 0.623438, 0.7937499999999998]]",[[0.9471193927180751]],[0.9471193927180751],1,0.9471193927180752
23,752ddc275f39b8d7.jpg,/Mouse/752ddc275f39b8d7.jpg,768,1024,"[[371.37469482421875, 204.62741088867188, 570.6455078125, 420.08740234375]]","[[0.3626706004142761, 0.2664419412612915, 0.5572710037231445, 0.5469888051350912]]","[[369.92, 205.44, 588.16, 415.359744]]",<class 'list'>,"[[0.36125, 0.2675, 0.574375, 0.540833]]",[[0.9792666918643825]],[0.9792666918643825],1,0.9792666918643824
24,40ca6dd64be6a1ed.jpg,/Mouse/40ca6dd64be6a1ed.jpg,683,1024,"[[380.42352294921875, 64.5688705444336, 950.4453125, 506.2881774902344]]","[[0.37150734663009644, 0.09453714574587642, 0.9281692504882812, 0.7412711237045891]]","[[345.6, 60.22694, 1023.36, 527.9473889999999]]",<class 'list'>,"[[0.3375, 0.08818, 0.999375, 0.7729829999999999]]",[[0.9155251136234186]],[0.9155251136234186],1,0.9155251136234186
25,b7feab5230676fde.jpg,/Mouse/b7feab5230676fde.jpg,685,1024,"[[7.0634765625, 1.8343017101287842, 1020.9558715820312, 675.7227783203125], [2.4732422828674316, 4.658984184265137, 1023.34765625, 672.1258544921875], [108.184814453125, 29.228002548217773, 666.9241943359375, 549.27001953125], [107.81855773925781, 25.933887481689453, 667.1594848632812, 549.4127807617188], [5.895117282867432, 203.3101348876953, 1023.9865112304688, 671.6564331054688]]","[[0.006897926330566406, 0.0026778127155164732, 0.9970272183418274, 0.9864566106865876], [0.002415275666862726, 0.006801436765350564, 0.9993629455566406, 0.9812056269958942], [0.10564923286437988, 0.04266861685871208, 0.651293158531189, 0.8018540431113139], [0.10529156029224396, 0.03785968975429117, 0.6515229344367981, 0.8020624536667427], [0.005756950471550226, 0.2968031166243727, 0.9999868273735046, 0.9805203402999544]]","[[86.4, 24.304485, 798.72, 544.92983]]",<class 'list'>,"[[0.084375, 0.035481, 0.78, 0.7955180000000001]]","[[0.7559221523496661, 0.7569180476771568, 0.9048563259339071, 0.9075848325542903, 0.6686073216255406]]",[0.9075848325542903],1,0.9075848325542905
26,107fd4f095d010e9.jpg,/Mouse/107fd4f095d010e9.jpg,683,1024,[],[],"[[394.88, 215.279551, 659.84, 447.858126]]",<class 'list'>,"[[0.385625, 0.315197, 0.644375, 0.655722]]",[[]],[0],1,0.0
27,bef590c416405b93.jpg,/Mouse/bef590c416405b93.jpg,768,1024,"[[490.583984375, 501.75335693359375, 625.4468994140625, 638.581298828125], [314.83843994140625, 262.31939697265625, 636.0191040039062, 492.0828552246094], [3.1275391578674316, 10.715991020202637, 1023.9730224609375, 748.9138793945312]]","[[0.47908592224121094, 0.6533246835072836, 0.6107879877090454, 0.8314860661824545], [0.30745941400527954, 0.3415617148081462, 0.6211124062538147, 0.6407328844070435], [0.0030542374588549137, 0.013953113307555517, 0.9999736547470093, 0.9751482804616293]]","[[323.84, 263.04, 635.52, 679.6800000000001]]",<class 'list'>,"[[0.31625, 0.3425, 0.620625, 0.8850000000000001]]","[[0.662688223498151, 0.8361243146553181, 0.5137434345839765]]",[0.8361243146553181],1,0.8361243146553181
28,1e4975c6a7be5792.jpg,/Mouse/1e4975c6a7be5792.jpg,1024,683,[],[],"[[165.437626, 291.27065600000003, 667.0635609999999, 700.8706559999999]]",<class 'list'>,"[[0.242222, 0.28444400000000003, 0.976667, 0.6844439999999999]]",[[]],[0],1,0.0
29,e63ab07765e5cd33.jpg,/Mouse/e63ab07765e5cd33.jpg,665,1024,[],[],"[[686.4896, 303.83650500000005, 982.2208, 657.62914]]",<class 'list'>,"[[0.6704, 0.45689700000000005, 0.9592, 0.988916]]",[[]],[0],1,0.0
30,6ef3b84bb5f4d9d0.jpg,/Mouse/6ef3b84bb5f4d9d0.jpg,682,1024,"[[387.16497802734375, 222.4069061279297, 696.4620361328125, 449.9209899902344], [58.77880859375, 41.20966720581055, 948.9231567382812, 551.2691650390625]]","[[0.3780907988548279, 0.32610983303215496, 0.6801387071609497, 0.6597081964666193], [0.057401180267333984, 0.060424731973329246, 0.9266827702522278, 0.8083125587083028]]","[[387.999744, 224.668532, 693.600256, 461.329352]]",<class 'list'>,"[[0.378906, 0.329426, 0.677344, 0.6764359999999999]]","[[0.982458612985466, 0.535308020497127]]",[0.982458612985466],1,0.982458612985466
31,0626f85da506b5d0.jpg,/Mouse/0626f85da506b5d0.jpg,601,1024,"[[61.22783279418945, 44.15922927856445, 1024.0, 523.3124389648438], [0.3946289122104645, 5.404931545257568, 982.6364135742188, 583.4356079101562]]","[[0.05979280546307564, 0.07347625503920874, 1.0, 0.8707361713225353], [0.0003853797970805317, 0.008993230524555022, 0.959605872631073, 0.9707747219802932]]","[[105.812992, 61.466073, 1022.292992, 515.630955]]",<class 'list'>,"[[0.103333, 0.102273, 0.998333, 0.8579549999999999]]","[[0.9541047802015447, 0.8331788386221586]]",[0.9541047802015447],1,0.9541047802015448
32,035ea087488d912d.jpg,/Mouse/035ea087488d912d.jpg,683,1024,[],[],"[[66.56, 176.836896, 261.76, 615.725183]]",<class 'list'>,"[[0.065, 0.258912, 0.255625, 0.901501]]",[[]],[0],1,0.0
33,dde728692feaeb1b.jpg,/Mouse/dde728692feaeb1b.jpg,768,1024,"[[315.2325134277344, 121.87934875488281, 724.6765747070312, 371.47796630859375], [23.449670791625977, 579.5733642578125, 132.9127960205078, 655.2141723632812]]","[[0.30784425139427185, 0.15869706869125366, 0.7076919674873352, 0.48369526863098145], [0.022900069132447243, 0.7546528180440267, 0.12979765236377716, 0.8531434535980225]]","[[317.44, 126.080256, 964.48, 533.1202559999999]]",<class 'list'>,"[[0.31, 0.164167, 0.941875, 0.6941669999999999]]","[[0.7355784472896952, 0.2617564531228767]]",[0.7355784472896952],1,0.7355784472896952
34,cbe0102f05784e7f.jpg,/Mouse/cbe0102f05784e7f.jpg,768,1024,"[[17.471094131469727, 50.50883865356445, 1024.0, 676.7310180664062]]","[[0.017061615362763405, 0.06576671699682872, 1.0, 0.8811601797739664]]","[[180.48, 89.600256, 893.44, 616.959744]]",<class 'list'>,"[[0.17625, 0.116667, 0.8725, 0.803333]]",[[0.7947654225494033]],[0.7947654225494033],1,0.7947654225494033
35,394d34e1d3e13c8a.jpg,/Mouse/394d34e1d3e13c8a.jpg,751,1024,"[[10.740625381469727, 9.520727157592773, 1015.7203979492188, 743.4044799804688], [453.1343688964844, 89.91606140136719, 907.9353637695312, 490.8235778808594]]","[[0.01048889197409153, 0.012677399677220737, 0.9919144511222839, 0.9898861251404377], [0.442514032125473, 0.11972844394323194, 0.8866556286811829, 0.6535600238093999]]","[[29.012991999999997, 80.220318, 916.48, 747.5867049999999]]",<class 'list'>,"[[0.028332999999999997, 0.10681800000000001, 0.895, 0.9954549999999999]]","[[0.8948531443602548, 0.6283073050964098]]",[0.8948531443602548],1,0.8948531443602548
36,5b49dafc0d5a72d1.jpg,/Mouse/5b49dafc0d5a72d1.jpg,1024,768,"[[282.11981201171875, 351.493896484375, 462.54510498046875, 701.0742797851562]]","[[0.3673435052235921, 0.34325575828552246, 0.6022722721099854, 0.6846428513526917]]","[[279.680256, 352.64, 469.11974399999997, 876.8]]",<class 'list'>,"[[0.36416699999999996, 0.344375, 0.610833, 0.85625]]",[[0.8775040753626712]],[0.8775040753626712],1,0.8775040753626712
37,12b0c54a9f464dce.jpg,/Mouse/12b0c54a9f464dce.jpg,1024,683,"[[53.78435134887695, 191.8459014892578, 679.9851684570312, 1005.0543212890625], [59.57783126831055, 197.82431030273438, 677.01953125, 1002.1746826171875]]","[[0.0787472201301273, 0.18734951317310333, 0.9955858981801337, 0.9814983606338501], [0.08722962118347079, 0.19318780303001404, 0.9912438232064422, 0.9786862134933472]]","[[81.370571, 208.64, 668.9042460000001, 953.6]]",<class 'list'>,"[[0.11913699999999999, 0.20375, 0.9793620000000001, 0.93125]]","[[0.9344143475802672, 0.9452656608712114]]",[0.9452656608712114],1,0.9452656608712114
38,50326487bab009ea.jpg,/Mouse/50326487bab009ea.jpg,768,1024,"[[0.6988281011581421, 79.72709655761719, 713.7677001953125, 540.0811157226562], [735.8968505859375, 225.13095092773438, 987.2726440429688, 364.9195251464844], [15.215039253234863, 134.01248168945312, 1023.87451171875, 755.3802490234375], [738.5345458984375, 227.4497528076172, 984.4738159179688, 364.3023986816406]]","[[0.0006824493175372481, 0.10381132364273071, 0.6970387697219849, 0.703230619430542], [0.7186492681503296, 0.2931392590204875, 0.9641334414482117, 0.47515563170115155], [0.014858436770737171, 0.17449541886647543, 0.9998774528503418, 0.983568032582601], [0.7212251424789429, 0.2961585323015849, 0.9614002108573914, 0.47435208161671955]]","[[0.0, 89.600256, 759.467008, 621.226752]]",<class 'list'>,"[[0.0, 0.116667, 0.741667, 0.8088890000000001]]","[[0.9064638227065629, 0.37667631606141005, 0.7594859941698053, 0.37498821472916194]]",[0.9064638227065629],1,0.9064638227065628
39,439f856c50d88c30.jpg,/Mouse/439f856c50d88c30.jpg,680,1024,"[[323.5660095214844, 209.46713256835938, 604.4791870117188, 521.7691040039062], [320.01239013671875, 208.14443969726562, 607.3848876953125, 522.9403076171875]]","[[0.3159824311733246, 0.3080399008358226, 0.5903117060661316, 0.7673075058880974], [0.3125120997428894, 0.3060947642606847, 0.5931493043899536, 0.7690298641429228]]","[[320.0, 218.34256, 648.32, 525.6876]]",<class 'list'>,"[[0.3125, 0.321092, 0.633125, 0.7730699999999999]]","[[0.9528494125959962, 0.9574325790862579]]",[0.9574325790862579],1,0.957432579086258
40,f2eb32a812cbfcf7.jpg,/Mouse/f2eb32a812cbfcf7.jpg,662,1024,"[[585.1296997070312, 211.5840606689453, 899.3861083984375, 585.3770751953125], [0.0, 155.5768585205078, 1002.9732666015625, 649.001953125], [582.3283081054688, 211.29257202148438, 900.0842895507812, 586.333984375]]","[[0.5714157223701477, 0.319613384696292, 0.8783067464828491, 0.8842554005971488], [0.0, 0.2350103603028819, 0.9794660806655884, 0.9803654881042296], [0.5686799883842468, 0.3191730695188586, 0.8789885640144348, 0.8857008827416919]]","[[136.61696, 137.916446, 908.690432, 580.503828]]",<class 'list'>,"[[0.133415, 0.20833300000000002, 0.887393, 0.876894]]","[[0.6931300483640814, 0.8224172245494294, 0.6946850323638545]]",[0.8224172245494294],1,0.8224172245494294
41,80fc4cb44b0a0ee7.jpg,/Mouse/80fc4cb44b0a0ee7.jpg,683,1024,"[[421.45538330078125, 144.44384765625, 819.7802734375, 535.8082885742188]]","[[0.4115775227546692, 0.21148440359626647, 0.8005666732788086, 0.7844923698011987]]","[[288.0, 148.004734, 812.8, 557.420205]]",<class 'list'>,"[[0.28125, 0.21669800000000003, 0.79375, 0.816135]]",[[0.889164363888829]],[0.889164363888829],1,0.889164363888829
42,802709d1b9402420.jpg,/Mouse/802709d1b9402420.jpg,768,1024,"[[318.8544921875, 219.5422821044922, 776.77734375, 754.1275634765625]]","[[0.31138134002685547, 0.2858623464902242, 0.7585716247558594, 0.9819369316101074]]","[[312.96, 214.400256, 776.32, 746.240256]]",<class 'list'>,"[[0.305625, 0.279167, 0.758125, 0.9716670000000001]]",[[0.9858347115778969]],[0.9858347115778969],1,0.9858347115778968
43,110541d3d30dc57e.jpg,/Mouse/110541d3d30dc57e.jpg,768,1024,"[[326.5610656738281, 283.54669189453125, 567.7565307617188, 502.8857421875], [1.2947266101837158, 0.0, 848.8654174804688, 754.3489990234375], [0.22004394233226776, 5.679833889007568, 394.2280578613281, 471.429931640625]]","[[0.3189072906970978, 0.3692014217376709, 0.554449737071991, 0.6547991434733073], [0.001264381455257535, 0.0, 0.8289701342582703, 0.982225259145101], [0.00021488666243385524, 0.007395617042978604, 0.38498833775520325, 0.6138410568237305]]","[[336.0, 282.24, 568.96, 537.5999999999999]]",<class 'list'>,"[[0.328125, 0.3675, 0.555625, 0.6999999999999998]]","[[0.9569444700257973, 0.4514705580298784, 0.5179767906509525]]",[0.9569444700257973],1,0.9569444700257972
44,2ef8693fc54ba762.jpg,/Mouse/2ef8693fc54ba762.jpg,681,1024,"[[321.20281982421875, 131.69094848632812, 703.2131958007812, 576.7239379882812]]","[[0.3136746287345886, 0.19337877898139225, 0.6867316365242004, 0.8468780293513675]]","[[121.191424, 52.437, 765.27616, 573.4019999999999]]",<class 'list'>,"[[0.118351, 0.077, 0.74734, 0.8419999999999999]]",[[0.7854816861771532]],[0.7854816861771532],1,0.7854816861771532
45,d25bc764c1a5d0d3.jpg,/Mouse/d25bc764c1a5d0d3.jpg,1024,1024,"[[397.56951904296875, 384.2239685058594, 646.9933471679688, 599.3140869140625]]","[[0.38825148344039917, 0.3752187192440033, 0.6318294405937195, 0.5852676630020142]]","[[384.65024, 377.71878399999997, 651.47904, 597.766144]]",<class 'list'>,"[[0.375635, 0.36886599999999997, 0.63621, 0.583756]]",[[0.9801547516434036]],[0.9801547516434036],1,0.9801547516434036
46,40280dcc4deca80b.jpg,/Mouse/40280dcc4deca80b.jpg,1024,978,"[[58.83369064331055, 201.4822998046875, 872.6404418945312, 760.31396484375], [29.380565643310547, 202.10409545898438, 866.9583129882812, 1002.1435546875]]","[[0.06015714789704555, 0.19676005840301514, 0.8922703904852057, 0.7424941062927246], [0.03004147816289422, 0.19736728072166443, 0.8864604427283039, 0.9786558151245117]]","[[10.240637999999999, 204.8, 950.478102, 874.88]]",<class 'list'>,"[[0.010471, 0.2, 0.971859, 0.854375]]","[[0.8693298907326804, 0.8824118183023821]]",[0.8824118183023821],1,0.8824118183023821
47,559f5547e06f591d.jpg,/Mouse/559f5547e06f591d.jpg,768,1024,"[[400.94061279296875, 153.86190795898438, 944.6589965820312, 628.0216064453125]]","[[0.39154356718063354, 0.2003410259882609, 0.9225185513496399, 0.8177364667256674]]","[[366.72, 132.48, 1023.36, 624.0]]",<class 'list'>,"[[0.358125, 0.1725, 0.999375, 0.8125]]",[[0.9142517027251005]],[0.9142517027251005],1,0.9142517027251004
48,e12f96de37ee72f5.jpg,/Mouse/e12f96de37ee72f5.jpg,683,1024,"[[201.36776733398438, 55.552635192871094, 849.22509765625, 629.0963745117188], [48.693748474121094, 11.009180068969727, 1023.1260986328125, 665.9351806640625]]","[[0.19664821028709412, 0.0813362155093281, 0.8293213844299316, 0.9210781471621066], [0.04755248874425888, 0.016118858080482763, 0.999146580696106, 0.9750149058038983]]","[[245.76, 42.887619, 818.56, 637.551814]]",<class 'list'>,"[[0.24, 0.062793, 0.799375, 0.933458]]","[[0.9400146443462892, 0.7630371857136716]]",[0.9400146443462892],1,0.9400146443462892
49,37756d2ff7c9f577.jpg,/Mouse/37756d2ff7c9f577.jpg,683,1024,"[[300.55474853515625, 200.75244140625, 792.7495727539062, 529.0377197265625]]","[[0.2935104966163635, 0.2939274398334553, 0.7741695046424866, 0.7745793846655381]]","[[283.52, 174.914934, 814.72, 510.64836500000007]]",<class 'list'>,"[[0.276875, 0.256098, 0.795625, 0.7476550000000001]]",[[0.9337604818769194]],[0.9337604818769194],1,0.9337604818769194
50,cca66a0f80f0554a.jpg,/Mouse/cca66a0f80f0554a.jpg,767,1024,"[[523.9734497070312, 288.4044494628906, 903.8118896484375, 528.1500244140625], [137.94973754882812, 272.95892333984375, 496.3904724121094, 529.4320678710938], [138.79705810546875, 274.0326232910156, 498.38983154296875, 529.7410278320312]]","[[0.5116928219795227, 0.37601623137273876, 0.8826287984848022, 0.6885919483886083], [0.13471654057502747, 0.35587864842222133, 0.48475632071495056, 0.6902634522439293], [0.13554400205612183, 0.3572785179804637, 0.4867088198661804, 0.6906662683598843]]","[[89.79660799999999, 272.466012, 535.630848, 530.757864], [526.178304, 285.065521, 907.4216960000001, 530.757864]]",<class 'list'>,"[[0.08769199999999999, 0.355236, 0.523077, 0.691992], [0.513846, 0.37166299999999997, 0.8861540000000001, 0.691992]]","[[0.5552847123466058, 0.938873556998452, 0.9389538430568], [0.9900297826124237, 0.5487238085852253, 0.5506590327475049]]","[0.9389538430568, 0.9900297826124237]",2,0.9644918128346118
51,c7afa60209673a95.jpg,/Mouse/c7afa60209673a95.jpg,680,1024,"[[175.0841827392578, 143.1617431640625, 1024.0, 465.7777404785156]]","[[0.17098064720630646, 0.21053197524126838, 1.0, 0.6849672654095817]]","[[186.88, 141.50664, 1023.36, 451.41256000000004]]",<class 'list'>,"[[0.1825, 0.208098, 0.999375, 0.663842]]",[[0.977524649390213]],[0.977524649390213],1,0.977524649390213
52,90b50357a5ee834b.jpg,/Mouse/90b50357a5ee834b.jpg,681,1024,"[[282.3534240722656, 127.02214050292969, 781.7721557617188, 561.6290283203125]]","[[0.2757357656955719, 0.18652296696465445, 0.7634493708610535, 0.8247122295452459]]","[[286.72, 118.51851599999999, 865.28, 554.153535]]",<class 'list'>,"[[0.28, 0.174036, 0.845, 0.8137350000000001]]",[[0.9322189920190153]],[0.9322189920190153],1,0.9322189920190151
53,1b62c43743ac66f8.jpg,/Mouse/1b62c43743ac66f8.jpg,683,1024,"[[318.67919921875, 316.04327392578125, 585.0758056640625, 498.3829040527344]]","[[0.31121015548706055, 0.46272807309777636, 0.571363091468811, 0.7296967848502699]]","[[319.36, 319.715715, 565.76, 499.115227]]",<class 'list'>,"[[0.311875, 0.468105, 0.5525, 0.730769]]",[[0.9795092575640933]],[0.9795092575640933],1,0.9795092575640932
54,153b0a4fb82a9efe.jpg,/Mouse/153b0a4fb82a9efe.jpg,1024,1024,"[[131.35848999023438, 232.13858032226562, 854.36376953125, 864.7116088867188], [217.71511840820312, 232.65771484375, 838.7655029296875, 912.9201049804688]]","[[0.12827977538108826, 0.22669783234596252, 0.8343396186828613, 0.8444449305534363], [0.21261242032051086, 0.2272047996520996, 0.819106936454773, 0.891523540019989]]","[[241.92, 248.32, 840.96, 847.36]]",<class 'list'>,"[[0.23625, 0.2425, 0.82125, 0.8275]]","[[0.9102352347373133, 0.9371385249177017]]",[0.9371385249177017],1,0.9371385249177016
55,28c38b9d12a48b7b.jpg,/Mouse/28c38b9d12a48b7b.jpg,685,1024,"[[297.75103759765625, 243.16610717773438, 559.1353149414062, 529.2008666992188]]","[[0.2907724976539612, 0.3549870177777144, 0.546030580997467, 0.7725560097798814]]","[[244.48, 244.32306000000003, 559.36, 527.66098]]",<class 'list'>,"[[0.23875, 0.35667600000000005, 0.54625, 0.770308]]",[[0.9574843570911141]],[0.9574843570911141],1,0.957484357091114
56,e8a3d9deeb718c81.jpg,/Mouse/e8a3d9deeb718c81.jpg,768,1024,[],[],"[[430.08, 153.60000000000002, 754.56, 503.04]]",<class 'list'>,"[[0.42, 0.20000000000000004, 0.736875, 0.655]]",[[]],[0],1,0.0
57,97ccb9acaa3d1427.jpg,/Mouse/97ccb9acaa3d1427.jpg,683,1024,"[[381.0514221191406, 281.6546936035156, 584.0010986328125, 362.33673095703125], [465.55364990234375, 281.8321228027344, 583.0823974609375, 362.7030334472656]]","[[0.37212052941322327, 0.4123787607664943, 0.570313572883606, 0.5305076587950677], [0.45464223623275757, 0.4126385399747209, 0.5694164037704468, 0.5310439728364065]]","[[384.0, 271.02191300000004, 577.92, 374.17608600000005]]",<class 'list'>,"[[0.375, 0.3968110000000001, 0.564375, 0.547842]]","[[0.9644689157968737, 0.9028733989850981]]",[0.9644689157968737],1,0.9644689157968735
58,08dc7f02445455ca.jpg,/Mouse/08dc7f02445455ca.jpg,768,1024,"[[5.029296875, 23.612621307373047, 1023.95703125, 752.5735473632812]]","[[0.0049114227294921875, 0.030745600660641987, 0.9999580383300781, 0.9799134731292725]]","[[247.04, 117.12, 851.2, 728.319744]]",<class 'list'>,"[[0.24125, 0.1525, 0.83125, 0.948333]]",[[0.734278445811231]],[0.734278445811231],1,0.734278445811231
59,0ff9df7d31b131e1.jpg,/Mouse/0ff9df7d31b131e1.jpg,768,1024,"[[509.92919921875, 86.47172546386719, 831.6336669921875, 415.2052307128906], [753.9983520507812, 0.0, 1024.0, 198.8957977294922], [0.0333251953125, 3.3521971702575684, 312.09393310546875, 358.90093994140625], [207.5417938232422, 448.7792053222656, 880.3718872070312, 761.0433349609375]]","[[0.49797773361206055, 0.11259339253107707, 0.8121422529220581, 0.5406318108240763], [0.7363265156745911, 0.0, 1.0, 0.2589789032936096], [3.254413604736328e-05, 0.004364840065439542, 0.3047792315483093, 0.46731893221537274], [0.20267753303050995, 0.5843479235967001, 0.8597381711006165, 0.9909418423970541]]","[[519.199744, 80.00025600000001, 819.2, 413.60025599999994]]",<class 'list'>,"[[0.507031, 0.10416700000000001, 0.8, 0.538542]]","[[0.9767610827478517, 0.5540068479327026, 0.4063821039750342, 0.417981402504462]]",[0.9767610827478517],1,0.9767610827478516
60,a3e6b7dad683e8e6.jpg,/Mouse/a3e6b7dad683e8e6.jpg,737,1024,"[[515.5397338867188, 166.35635375976562, 925.8375854492188, 620.5733642578125]]","[[0.5034567713737488, 0.2257209684664391, 0.9041382670402527, 0.8420262744339383]]","[[51.84, 77.54492900000001, 923.52, 409.515524]]",<class 'list'>,"[[0.050625, 0.10521700000000002, 0.901875, 0.555652]]",[[0.6020236774663171]],[0.6020236774663171],1,0.6020236774663171
61,391974f0c59917b3.jpg,/Mouse/391974f0c59917b3.jpg,768,1024,"[[555.5245361328125, 429.6744079589844, 717.5701293945312, 570.6527099609375], [0.0, 79.8917007446289, 466.02020263671875, 655.7952270507812]]","[[0.5425044298171997, 0.5594718853632609, 0.7007520794868469, 0.7430373827616373], [0.0, 0.10402565201123555, 0.45509785413742065, 0.8539000352223715]]","[[510.72, 262.400256, 736.64, 576.0]]",<class 'list'>,"[[0.49875, 0.341667, 0.719375, 0.75]]","[[0.7974548571028357, 0.46150048108677677]]",[0.7974548571028357],1,0.7974548571028357
62,a2901670e3eedfea.jpg,/Mouse/a2901670e3eedfea.jpg,768,1024,"[[41.485252380371094, 99.6675796508789, 699.5338134765625, 744.3460083007812], [9.61962890625, 100.91259765625, 706.7188110351562, 750.8533935546875]]","[[0.040512941777706146, 0.1297754943370819, 0.6831384897232056, 0.9692005316416422], [0.009394168853759766, 0.13139661153157553, 0.6901550889015198, 0.9776736895243326]]","[[44.16, 92.799744, 703.36, 751.359744]]",<class 'list'>,"[[0.043125, 0.12083300000000001, 0.686875, 0.978333]]","[[0.9864658325089559, 0.972200107027322]]",[0.9864658325089559],1,0.986465832508956
63,3378043421a9911d.jpg,/Mouse/3378043421a9911d.jpg,768,1024,"[[246.41162109375, 195.2278289794922, 1019.578125, 743.8575439453125]]","[[0.24063634872436523, 0.2542029023170471, 0.9956817626953125, 0.968564510345459]]","[[260.48, 197.12025600000004, 958.08, 766.719744]]",<class 'list'>,"[[0.254375, 0.25666700000000003, 0.935625, 0.998333]]",[[0.9409241384325304]],[0.9409241384325304],1,0.9409241384325304
64,03dc77fd11d567a7.jpg,/Mouse/03dc77fd11d567a7.jpg,683,1024,"[[271.78387451171875, 156.42312622070312, 929.9793090820312, 509.3817443847656], [5.819726467132568, 24.791406631469727, 1024.0, 668.30859375]]","[[0.26541393995285034, 0.22902361086486547, 0.9081829190254211, 0.7458005042236685], [0.005683326628059149, 0.036297813516061095, 1.0, 0.9784898883601757]]","[[231.04, 144.16012700000002, 568.96, 500.396535]]",<class 'list'>,"[[0.225625, 0.21106900000000003, 0.555625, 0.732645]]","[[0.7532705620581676, 0.5224671537930199]]",[0.7532705620581676],1,0.7532705620581676
65,2a1f819deae9ef8e.jpg,/Mouse/2a1f819deae9ef8e.jpg,1024,819,"[[288.64581298828125, 180.34805297851562, 667.8333129882812, 629.315185546875]]","[[0.3524368900955815, 0.17612114548683167, 0.8154252905839819, 0.6145656108856201]]","[[282.331413, 184.00051200000001, 747.017271, 620.8]]",<class 'list'>,"[[0.344727, 0.17968800000000001, 0.9121090000000001, 0.60625]]",[[0.926195335953641]],[0.926195335953641],1,0.926195335953641
66,b579f06262549913.jpg,/Mouse/b579f06262549913.jpg,683,1024,"[[365.03338623046875, 115.32548522949219, 761.7029418945312, 577.5716552734375]]","[[0.35647791624069214, 0.16885136929647465, 0.7438505291938782, 0.8456393195804356]]","[[371.2, 0.0, 806.4, 577.923182]]",<class 'list'>,"[[0.3625, 0.0, 0.7875, 0.846154]]",[[0.8770724691901781]],[0.8770724691901781],1,0.8770724691901781
67,18d789b4551ef7b8.jpg,/Mouse/18d789b4551ef7b8.jpg,1024,1024,"[[243.2961883544922, 98.03657531738281, 748.5778198242188, 703.4398803710938]]","[[0.23759393393993378, 0.09573884308338165, 0.7310330271720886, 0.6869530081748962]]","[[240.64, 98.56, 853.12, 693.76]]",<class 'list'>,"[[0.235, 0.09625, 0.833125, 0.6775]]",[[0.9290238302007264]],[0.9290238302007264],1,0.9290238302007264
68,37f8d6f57e461f1d.jpg,/Mouse/37f8d6f57e461f1d.jpg,768,1024,"[[315.1101989746094, 165.16299438476562, 741.4825439453125, 634.4737548828125], [282.3353576660156, 521.3245239257812, 482.6279296875, 570.4338989257812], [282.0450134277344, 519.2556762695312, 483.66619873046875, 596.9509887695312]]","[[0.30772480368614197, 0.21505598227183023, 0.7241040468215942, 0.8261377016703287], [0.2757181227207184, 0.6788079738616943, 0.4713163375854492, 0.742752472559611], [0.27543458342552185, 0.6761141618092855, 0.4723302721977234, 0.7772799332936605]]","[[291.2, 166.400256, 743.68, 632.319744]]",<class 'list'>,"[[0.284375, 0.21666700000000003, 0.72625, 0.823333]]","[[0.9796727397968878, 0.5429649042752738, 0.5622867778024271]]",[0.9796727397968878],1,0.9796727397968878
69,c53ce7dbef6ec36f.jpg,/Mouse/c53ce7dbef6ec36f.jpg,767,1024,"[[6.040331840515137, 4.236718654632568, 752.3580932617188, 662.5740966796875]]","[[0.005898761563003063, 0.00552375313511417, 0.7347247004508972, 0.8638514950191493]]","[[40.3456, 92.27086700000001, 741.5838719999999, 588.225339]]",<class 'list'>,"[[0.0394, 0.12030100000000002, 0.7242029999999999, 0.766917]]",[[0.863511007399673]],[0.863511007399673],1,0.863511007399673
70,9873ad1c5df26a2d.jpg,/Mouse/9873ad1c5df26a2d.jpg,1024,860,"[[253.80526733398438, 444.79229736328125, 618.7608642578125, 838.84765625]]","[[0.295122403876726, 0.43436747789382935, 0.719489377043968, 0.8191871643066406]]","[[216.62884, 195.357696, 651.51536, 838.41024]]",<class 'list'>,"[[0.251894, 0.190779, 0.757576, 0.81876]]",[[0.8042494318248098]],[0.8042494318248098],1,0.8042494318248098
71,c18d2e3806b982e8.jpg,/Mouse/c18d2e3806b982e8.jpg,985,1024,[],[],"[[264.385536, 280.30046500000003, 755.668992, 734.308635]]",<class 'list'>,"[[0.258189, 0.284569, 0.737958, 0.745491]]",[[]],[0],1,0.0
72,e47782747a48992c.jpg,/Mouse/e47782747a48992c.jpg,690,1024,"[[68.0663070678711, 15.360278129577637, 677.9100341796875, 582.83056640625]]","[[0.06647100299596786, 0.022261272651561793, 0.6620215177536011, 0.8446819802989131]]","[[43.52, 37.799580000000006, 844.16, 588.13392]]",<class 'list'>,"[[0.0425, 0.05478200000000001, 0.824375, 0.852368]]",[[0.8773914472750284]],[0.8773914472750284],1,0.8773914472750284
73,f1ea361d6e7c9231.jpg,/Mouse/f1ea361d6e7c9231.jpg,959,1024,"[[52.48994064331055, 37.303810119628906, 1006.5814208984375, 932.3986206054688], [28.915721893310547, 59.12353515625, 1001.6307373046875, 940.3859252929688]]","[[0.051259707659482956, 0.03889865497354422, 0.9829896688461304, 0.9722613353550248], [0.02823800966143608, 0.061651235825078206, 0.9781550168991089, 0.9805901202220738]]","[[79.53408, 59.626784, 1016.543232, 959.0]]",<class 'list'>,"[[0.07767, 0.062176, 0.992718, 1.0]]","[[0.9560969339973834, 0.9577178823286864]]",[0.9577178823286864],1,0.9577178823286864
74,8d3e919ee878068f.jpg,/Mouse/8d3e919ee878068f.jpg,678,1024,"[[3.141406297683716, 127.90869140625, 1020.1163940429688, 668.6783447265625]]","[[0.0030677795875817537, 0.18865588702986727, 0.9962074160575867, 0.9862512459093842]]","[[37.76, 84.509988, 1024.0, 645.3481979999999]]",<class 'list'>,"[[0.036875, 0.124646, 1.0, 0.9518409999999998]]",[[0.9298721739479267]],[0.9298721739479267],1,0.9298721739479268
75,98c247fd30ed854f.jpg,/Mouse/98c247fd30ed854f.jpg,1024,768,"[[2.952709913253784, 9.575586318969727, 765.7314453125, 1023.3922119140625], [275.88592529296875, 191.35302734375, 581.0105590820312, 1017.6705322265625]]","[[0.0038446743662158647, 0.009351158514618874, 0.997046152750651, 0.9994064569473267], [0.3592264652252197, 0.18686819076538086, 0.7565241654713949, 0.9938188791275024]]","[[289.92, 126.72, 688.640256, 439.68]]",<class 'list'>,"[[0.3775, 0.12375, 0.896667, 0.429375]]","[[0.5000433201582212, 0.613069973250607]]",[0.613069973250607],1,0.613069973250607
76,a6f70c6130f9c7de.jpg,/Mouse/a6f70c6130f9c7de.jpg,680,1024,"[[54.9501953125, 77.42924499511719, 564.7759399414062, 435.359619140625], [1.696679711341858, 205.37326049804688, 991.681640625, 664.7761840820312], [1.3971679210662842, 27.656835556030273, 948.4083862304688, 646.0540161132812], [0.0, 154.57363891601562, 1023.4761962890625, 567.9537353515625]]","[[0.05366230010986328, 0.11386653675752527, 0.5515390038490295, 0.6402347340303309], [0.0016569137806072831, 0.3020195007324219, 0.9684391021728516, 0.9776120354147518], [0.0013644217979162931, 0.04067181699416217, 0.9261800646781921, 0.9500794354607077], [0.0, 0.22731417487649358, 0.9994884729385376, 0.8352260813993566]]","[[59.52, 72.9946, 571.52, 429.0018]]",<class 'list'>,"[[0.058125, 0.10734500000000001, 0.558125, 0.630885]]","[[0.9824168951857657, 0.5556174278827923, 0.6218094664319647, 0.6201425895277836]]",[0.9824168951857657],1,0.9824168951857656
77,fe971f526b380eed.jpg,/Mouse/fe971f526b380eed.jpg,768,1024,"[[293.2694396972656, 2.756884813308716, 1024.0, 657.4334716796875]]","[[0.28639593720436096, 0.003589693767329057, 1.0, 0.8560331662495931]]","[[234.24, 0.0, 1008.64, 704.000256]]",<class 'list'>,"[[0.22875, 0.0, 0.985, 0.916667]]",[[0.9271155154752129]],[0.9271155154752129],1,0.9271155154752128
78,7513e23a0f4aa2e7.jpg,/Mouse/7513e23a0f4aa2e7.jpg,591,1024,"[[532.47998046875, 179.7574462890625, 909.7608642578125, 443.7818298339844]]","[[0.5199999809265137, 0.3041581155483291, 0.88843834400177, 0.7508998812757773]]","[[110.838784, 129.79305599999998, 923.2373759999999, 438.524364]]",<class 'list'>,"[[0.108241, 0.21961599999999995, 0.9015989999999999, 0.742004]]",[[0.7174854325191875]],[0.7174854325191875],1,0.7174854325191875
79,1e29e3619c928abd.jpg,/Mouse/1e29e3619c928abd.jpg,768,1024,"[[62.77460861206055, 6.495459079742432, 1011.7659912109375, 616.2923583984375]]","[[0.06130332872271538, 0.008457629010081291, 0.9880527257919312, 0.8024640083312988]]","[[247.04, 0.0, 901.76, 604.8]]",<class 'list'>,"[[0.24125, 0.0, 0.880625, 0.7875]]",[[0.8403821392726734]],[0.8403821392726734],1,0.8403821392726734
80,15a69b659e96ab89.jpg,/Mouse/15a69b659e96ab89.jpg,832,1024,"[[94.63134765625, 20.882104873657227, 1023.6630859375, 825.0606689453125]]","[[0.09241342544555664, 0.025098683742376473, 0.9996709823608398, 0.9916594578669622]]","[[5.76, 30.719936000000004, 927.36, 831.360192]]",<class 'list'>,"[[0.005625, 0.036923000000000004, 0.905625, 0.999231]]",[[0.9007765827542454]],[0.9007765827542454],1,0.9007765827542454
81,1281a2acd92eda4d.jpg,/Mouse/1281a2acd92eda4d.jpg,836,1024,[],[],"[[238.72, 209.96056399999998, 801.28, 715.6569639999999]]",<class 'list'>,"[[0.233125, 0.25114899999999996, 0.7825, 0.8560489999999998]]",[[]],[0],1,0.0
82,65c08117ffc8b50b.jpg,/Mouse/65c08117ffc8b50b.jpg,652,1024,"[[157.5496826171875, 157.35888671875, 710.5549926757812, 428.1795959472656], [1.2395508289337158, 8.234375, 988.1981201171875, 642.0579833984375]]","[[0.15385711193084717, 0.24134798576495398, 0.6939013600349426, 0.6567171716982602], [0.0012104988563805819, 0.012629409509202454, 0.9650372266769409, 0.9847515082798122]]","[[199.04, 97.25623200000001, 899.2, 545.1463279999999]]",<class 'list'>,"[[0.194375, 0.14916600000000002, 0.878125, 0.8361139999999999]]","[[0.7324254999318901, 0.7334024193702676]]",[0.7334024193702676],1,0.7334024193702676
83,bf344815e7c9a672.jpg,/Mouse/bf344815e7c9a672.jpg,1024,683,"[[227.8265380859375, 315.8185729980469, 522.1722412109375, 558.4127197265625]]","[[0.33356740568951315, 0.30841657519340515, 0.7645274395474927, 0.5453249216079712]]","[[27.550853999999998, 315.52, 524.103465, 562.56]]",<class 'list'>,"[[0.040338, 0.308125, 0.767355, 0.549375]]",[[0.825675028728327]],[0.825675028728327],1,0.825675028728327
84,17ba4853d4f94574.jpg,/Mouse/17ba4853d4f94574.jpg,768,1024,"[[0.0, 0.0, 894.8341064453125, 753.5320434570312], [47.91796875, 232.5720672607422, 1024.0, 755.4544677734375]]","[[0.0, 0.0, 0.8738614320755005, 0.9811615149180094], [0.046794891357421875, 0.30282821257909137, 1.0, 0.9836646715799967]]","[[0.0, 0.0, 1023.36, 767.360256]]",<class 'list'>,"[[0.0, 0.0, 0.999375, 0.999167]]","[[0.9287824999348875, 0.820874682843547]]",[0.9287824999348875],1,0.9287824999348876
85,c0f4a19c56af260a.jpg,/Mouse/c0f4a19c56af260a.jpg,1024,684,"[[92.19902038574219, 583.5758056640625, 429.52606201171875, 1024.0]]","[[0.13479388945283946, 0.569898247718811, 0.6279620789645011, 1.0]]","[[423.9774, 69.12, 502.112088, 238.08]]",<class 'list'>,"[[0.61985, 0.0675, 0.734082, 0.2325]]",[[0.24154049435064412]],[0.24154049435064412],1,0.2415404943506441
86,845655880b81fa6e.jpg,/Mouse/845655880b81fa6e.jpg,768,1024,[],[],"[[203.199488, 331.20000000000005, 570.399744, 643.2]]",<class 'list'>,"[[0.198437, 0.4312500000000001, 0.557031, 0.8375]]",[[]],[0],1,0.0
87,7c74a1efa3dc8080.jpg,/Mouse/7c74a1efa3dc8080.jpg,768,1024,[],[],"[[249.6, 254.39999999999998, 408.000512, 505.599744]]",<class 'list'>,"[[0.24375, 0.33125, 0.398438, 0.658333]]",[[]],[0],1,0.0
88,61b172d91e194c43.jpg,/Mouse/61b172d91e194c43.jpg,569,1024,"[[104.69287109375, 7.036718845367432, 1022.6571044921875, 555.5613403320312], [37.12529373168945, 110.62236022949219, 908.4817504882812, 405.6561584472656]]","[[0.10223913192749023, 0.012366816951436611, 0.9986885786056519, 0.9763819689490884], [0.03625516965985298, 0.19441539583390544, 0.8871892094612122, 0.7129282222271803]]","[[73.95532800000001, 88.195, 998.4, 401.145]]",<class 'list'>,"[[0.07222200000000001, 0.155, 0.975, 0.705]]","[[0.7697266648459586, 0.9083428145602809]]",[0.9083428145602809],1,0.9083428145602808
89,9dfd9acf94851325.jpg,/Mouse/9dfd9acf94851325.jpg,768,1024,"[[365.80621337890625, 325.1690979003906, 561.195556640625, 529.775634765625]]","[[0.35723263025283813, 0.4233972628911336, 0.5480425357818604, 0.6898120244344076]]","[[362.24, 324.48, 559.36, 531.84]]",<class 'list'>,"[[0.35375, 0.42250000000000004, 0.54625, 0.6925]]",[[0.9927766735224351]],[0.9927766735224351],1,0.9927766735224351
90,d253dd4108def865.jpg,/Mouse/d253dd4108def865.jpg,682,1024,"[[512.7109375, 69.3615951538086, 836.0986328125, 439.65594482421875], [242.151123046875, 219.11843872070312, 421.247802734375, 373.6875915527344], [125.8365249633789, 0.0, 1023.8980712890625, 590.4295043945312], [371.85394287109375, 231.09774780273438, 524.568115234375, 410.34405517578125]]","[[0.5006942749023438, 0.1017032187005991, 0.816502571105957, 0.6446568105926961], [0.23647570610046387, 0.321288033314814, 0.4113748073577881, 0.5479290198720446], [0.12288723140954971, 0.0, 0.9999004602432251, 0.8657324111356763], [0.3631386160850525, 0.33885300264330553, 0.5122735500335693, 0.6016775002577438]]","[[505.6, 71.24172, 832.799744, 433.05431400000003]]",<class 'list'>,"[[0.49375, 0.10446, 0.813281, 0.634977]]","[[0.9843579769067508, 0.48202353134229314, 0.5766882010850437, 0.5887911211811412]]",[0.9843579769067508],1,0.9843579769067508
91,6d1e568f990eb669.jpg,/Mouse/6d1e568f990eb669.jpg,1024,650,"[[125.6397933959961, 68.9847640991211, 419.41204833984375, 575.5657348632812], [65.9326400756836, 479.04443359375, 478.0029296875, 1004.8557739257812]]","[[0.193291989839994, 0.06736793369054794, 0.6452493051382212, 0.5620759129524231], [0.10143483088566707, 0.4678168296813965, 0.7353891225961539, 0.9813044667243958]]","[[64.85245, 0.0, 534.29675, 1004.832768]]",<class 'list'>,"[[0.099773, 0.0, 0.8219949999999999, 0.981282]]","[[0.6360258622645591, 0.7247233186553353]]",[0.7247233186553353],1,0.7247233186553353
92,c67616ac1b64b724.jpg,/Mouse/c67616ac1b64b724.jpg,768,1024,"[[1.383203148841858, 5.579394340515137, 1021.0751953125, 746.8994140625]]","[[0.0013507843250408769, 0.0072648363808790846, 0.9971437454223633, 0.9725252787272135]]","[[0.0, 0.0, 1023.2002560000001, 767.199744]]",<class 'list'>,"[[0.0, 0.0, 0.9992190000000001, 0.998958]]",[[0.9814576383487638]],[0.9814576383487638],1,0.9814576383487638
93,b0afa05f49cd33a8.jpg,/Mouse/b0afa05f49cd33a8.jpg,769,1024,"[[0.0, 8.599902153015137, 1021.6267700195312, 757.4509887695312]]","[[0.0, 0.011183227767249853, 0.9976823925971985, 0.984981779934371]]","[[17.28, 10.875967000000001, 1009.92, 754.924993]]",<class 'list'>,"[[0.016875, 0.014143000000000001, 0.98625, 0.9816969999999999]]",[[0.9827109904968259]],[0.9827109904968259],1,0.982710990496826
94,3e6a1a55ececadfe.jpg,/Mouse/3e6a1a55ececadfe.jpg,1023,1024,"[[225.4275665283203, 208.27334594726562, 821.4617309570312, 1005.9937744140625]]","[[0.2201441079378128, 0.20359075850172592, 0.8022087216377258, 0.9833761235719086]]","[[108.8, 215.099049, 878.72, 1022.359602]]",<class 'list'>,"[[0.10625, 0.210263, 0.858125, 0.999374]]",[[0.8919901717649302]],[0.8919901717649302],1,0.8919901717649302
95,b59ae55dda55423f.jpg,/Mouse/b59ae55dda55423f.jpg,931,1024,"[[101.05976867675781, 82.396484375, 972.4757690429688, 562.4761962890625], [336.7386779785156, 361.34783935546875, 842.0735473632812, 520.4035034179688]]","[[0.0986911803483963, 0.0885032055585392, 0.9496833682060242, 0.6041634761429243], [0.32884636521339417, 0.3881287211122113, 0.8223374485969543, 0.5589726137679578]]","[[44.16, 85.741376, 1023.36, 930.3604029999999]]",<class 'list'>,"[[0.043125, 0.092096, 0.999375, 0.9993129999999999]]","[[0.7488207724527197, 0.4686808025681099]]",[0.7488207724527197],1,0.7488207724527197
96,1d9ea1d26a099745.jpg,/Mouse/1d9ea1d26a099745.jpg,683,1024,"[[130.28085327148438, 272.015625, 998.5011596679688, 673.5146484375]]","[[0.12722739577293396, 0.3982659224011713, 0.9750987887382507, 0.9861122231881405]]","[[293.12, 271.02191300000004, 827.52, 475.40898]]",<class 'list'>,"[[0.28625, 0.3968110000000001, 0.808125, 0.69606]]",[[0.6726311185420241]],[0.6726311185420241],1,0.6726311185420241
97,fc64d932bc2bdf5e.jpg,/Mouse/fc64d932bc2bdf5e.jpg,768,1024,"[[370.9673156738281, 232.3086700439453, 639.5167236328125, 546.2957763671875]]","[[0.3622727692127228, 0.3024852474530538, 0.6245280504226685, 0.7113226254781088]]","[[344.800256, 236.000256, 632.000512, 543.999744]]",<class 'list'>,"[[0.336719, 0.307292, 0.617188, 0.708333]]",[[0.9691713971283741]],[0.9691713971283741],1,0.969171397128374
98,51518d1a8e825cf8.jpg,/Mouse/51518d1a8e825cf8.jpg,675,1024,"[[185.5869140625, 73.38847351074219, 920.634765625, 430.1997985839844]]","[[0.18123722076416016, 0.10872366446035879, 0.8990573883056641, 0.6373330349392361]]","[[193.92, 76.13730000000001, 881.28, 433.79144999999994]]",<class 'list'>,"[[0.189375, 0.11279600000000002, 0.860625, 0.642654]]",[[0.9670232346466184]],[0.9670232346466184],1,0.9670232346466184
99,02f6335ec2a0fab7.jpg,/Mouse/02f6335ec2a0fab7.jpg,769,1024,"[[11.698046684265137, 135.74404907226562, 1023.3297119140625, 747.8766479492188], [0.85546875, 84.18904113769531, 1000.2825927734375, 739.5933837890625], [358.48541259765625, 252.4852294921875, 668.1995239257812, 540.38427734375]]","[[0.011423873715102673, 0.1765202198599033, 0.9993454217910767, 0.9725314017545107], [0.000835418701171875, 0.10947859705812134, 0.9768384695053101, 0.9617599269038524], [0.3500834107398987, 0.32832929712898246, 0.6525385975837708, 0.7027103736589727]]","[[220.16, 152.51807699999998, 672.64, 537.659423]]",<class 'list'>,"[[0.215, 0.19833299999999998, 0.656875, 0.699167]]","[[0.6061107601834165, 0.5912425909826656, 0.8233099175794625]]",[0.8233099175794625],1,0.8233099175794625
100,0eb9f7b5ad8428ed.jpg,/Mouse/0eb9f7b5ad8428ed.jpg,768,1024,"[[294.3631286621094, 366.14111328125, 732.6449584960938, 615.2813720703125], [173.85848999023438, 694.6795043945312, 573.1771240234375, 761.6663818359375], [151.26513671875, 0.0, 971.8523559570312, 714.0419921875], [23.61767578125, 3.0596680641174316, 909.7975463867188, 740.4349365234375]]","[[0.2874639928340912, 0.4767462412516276, 0.7154735922813416, 0.8011476198832194], [0.16978368163108826, 0.9045306046803793, 0.5597432851791382, 0.991753101348877], [0.1477198600769043, 0.0, 0.9490745663642883, 0.929742177327474], [0.023064136505126953, 0.0039839427918195724, 0.88847416639328, 0.9641079902648926]]","[[275.627008, 372.052992, 764.587008, 615.253248]]",<class 'list'>,"[[0.269167, 0.48444400000000004, 0.746667, 0.801111]]","[[0.9610476615191065, 0.5032062549471238, 0.559635057994561, 0.5320415819374811]]",[0.9610476615191065],1,0.9610476615191064
101,39c74066d617fc8b.jpg,/Mouse/39c74066d617fc8b.jpg,768,982,"[[73.646728515625, 360.1357727050781, 533.3336791992188, 645.2810668945312], [321.7196960449219, 508.7594909667969, 606.682861328125, 621.9942016601562]]","[[0.0749966685495163, 0.4689267873764038, 0.5431096529523612, 0.8402097225189209], [0.3276167984164174, 0.6624472538630167, 0.6178033211080702, 0.8098882834116617]]","[[0.0, 361.599744, 530.984094, 639.999744]]",<class 'list'>,"[[0.0, 0.470833, 0.540717, 0.833333]]","[[0.9440586456712672, 0.6362729610025433]]",[0.9440586456712672],1,0.9440586456712672
102,80e3ede173392e3b.jpg,/Mouse/80e3ede173392e3b.jpg,768,1024,"[[306.85546875, 311.58056640625, 641.4444580078125, 487.4413146972656]]","[[0.2996635437011719, 0.405703862508138, 0.6264106035232544, 0.634689211845398]]","[[289.92, 314.88, 651.52, 485.120256]]",<class 'list'>,"[[0.283125, 0.41, 0.63625, 0.631667]]",[[0.9747803593645934]],[0.9747803593645934],1,0.9747803593645934
103,a41df3ed1fa0c889.jpg,/Mouse/a41df3ed1fa0c889.jpg,853,1024,"[[19.83935546875, 0.0, 1022.5217895507812, 851.0613403320312]]","[[0.019374370574951172, 0.0, 0.9985564351081848, 0.9977272454068362]]","[[0.0, 0.0, 1022.999552, 852.0002840000001]]",<class 'list'>,"[[0.0, 0.0, 0.999023, 0.998828]]",[[0.9895294496145691]],[0.9895294496145691],1,0.9895294496145692
104,939004b02bb15318.jpg,/Mouse/939004b02bb15318.jpg,768,1024,[],[],"[[441.6, 156.159744, 570.88, 300.800256]]",<class 'list'>,"[[0.43125, 0.20333299999999999, 0.5575, 0.391667]]",[[]],[0],1,0.0
105,bc758c4fa8236b44.jpg,/Mouse/bc758c4fa8236b44.jpg,768,1024,"[[390.07354736328125, 272.9745788574219, 679.3063354492188, 470.1767578125]]","[[0.38093119859695435, 0.35543564955393475, 0.6633850932121277, 0.6122093200683594]]","[[389.76, 274.56, 686.08, 470.40000000000003]]",<class 'list'>,"[[0.380625, 0.3575, 0.67, 0.6125]]",[[0.9927775722987693]],[0.9927775722987693],1,0.9927775722987692
106,0c1b4aa584f6fa21.jpg,/Mouse/0c1b4aa584f6fa21.jpg,861,1024,"[[56.94172286987305, 63.79296875, 868.2307739257812, 772.4724731445312]]","[[0.0556071512401104, 0.0740917174796748, 0.8478816151618958, 0.897180572757876]]","[[97.28, 62.094459, 830.72, 762.417222]]",<class 'list'>,"[[0.095, 0.072119, 0.81125, 0.885502]]",[[0.9504630841710041]],[0.9504630841710041],1,0.950463084171004
107,0075061b35f833ef.jpg,/Mouse/0075061b35f833ef.jpg,683,1024,"[[1.1052734851837158, 59.007423400878906, 910.8615112304688, 672.283203125], [458.24383544921875, 337.03387451171875, 672.8873901367188, 482.36181640625]]","[[0.0010793686378747225, 0.08639447057229709, 0.8895131945610046, 0.9843092285871157], [0.4475037455558777, 0.49346101685463944, 0.6571165919303894, 0.7062398483254027]]","[[456.32, 339.578038, 833.92, 470.283065]]",<class 'list'>,"[[0.445625, 0.49718599999999996, 0.814375, 0.688555]]","[[0.45497963054756246, 0.86991985411082]]",[0.86991985411082],1,0.86991985411082
108,4aa2ec43d2f20120.jpg,/Mouse/4aa2ec43d2f20120.jpg,1024,683,"[[64.2704849243164, 203.39724731445312, 586.9786987304688, 630.8218994140625]]","[[0.09410027075302549, 0.19863012433052063, 0.8594124432364111, 0.6160370111465454]]","[[43.000314, 190.999552, 627.000147, 679.999488]]",<class 'list'>,"[[0.062958, 0.186523, 0.918009, 0.664062]]",[[0.9128958807642069]],[0.9128958807642069],1,0.9128958807642068
109,4c22c7556eecde3c.jpg,/Mouse/4c22c7556eecde3c.jpg,674,1024,"[[406.22991943359375, 51.275291442871094, 1012.7400512695312, 656.0050659179688]]","[[0.3967089056968689, 0.07607610006360696, 0.9890039563179016, 0.9733012847447607]]","[[423.81516799999997, 58.58003600000001, 989.120512, 665.4435699999999]]",<class 'list'>,"[[0.41388199999999997, 0.086914, 0.965938, 0.9873049999999999]]",[[0.9622378172628022]],[0.9622378172628022],1,0.9622378172628022
110,1ff05ebe6885daa8.jpg,/Mouse/1ff05ebe6885daa8.jpg,684,1024,"[[274.7289123535156, 1.3223145008087158, 874.4423828125, 330.81475830078125], [279.58465576171875, 1.229162573814392, 867.7942504882812, 329.5960388183594]]","[[0.2682899534702301, 0.0019332083345156663, 0.853947639465332, 0.4836473074572825], [0.27303189039230347, 0.0017970213067461873, 0.8474553227424622, 0.4818655538280108]]","[[276.69811200000004, 8.713476, 910.7066880000001, 328.93012799999997]]",<class 'list'>,"[[0.27021300000000004, 0.012739, 0.8893620000000001, 0.48089199999999993]]","[[0.9682195451235357, 0.9647633807327513]]",[0.9682195451235357],1,0.9682195451235356
111,7bed1471a0387db2.jpg,/Mouse/7bed1471a0387db2.jpg,681,1024,"[[267.74285888671875, 124.6780014038086, 750.3538208007812, 562.54150390625]]","[[0.2614676356315613, 0.18308076564435916, 0.7327674031257629, 0.8260521349577826]]","[[272.0, 121.08111900000002, 806.4, 546.465726]]",<class 'list'>,"[[0.265625, 0.177799, 0.7875, 0.802446]]",[[0.9450534240441746]],[0.9450534240441746],1,0.9450534240441746
112,90347d905cc0bd8f.jpg,/Mouse/90347d905cc0bd8f.jpg,646,1024,[],[],"[[184.388608, 332.86571200000003, 520.576, 537.904174]]",<class 'list'>,"[[0.180067, 0.5152720000000001, 0.508375, 0.832669]]",[[]],[0],1,0.0
113,0126c33afd7aa743.jpg,/Mouse/0126c33afd7aa743.jpg,682,1024,"[[512.5537109375, 68.56428527832031, 836.1204833984375, 437.42559814453125], [241.2487335205078, 218.4240264892578, 420.7701110839844, 374.2054748535156]]","[[0.5005407333374023, 0.1005341426368333, 0.8165239095687866, 0.641386507543301], [0.2355944663286209, 0.3202698335619616, 0.4109083116054535, 0.5486883795506095]]","[[518.4, 72.84305599999999, 831.200256, 431.452978]]",<class 'list'>,"[[0.50625, 0.10680799999999999, 0.811719, 0.632629]]","[[0.9823331153823093, 0.4781034628715817]]",[0.9823331153823093],1,0.9823331153823092
114,4a3c15e6f617ce14.jpg,/Mouse/4a3c15e6f617ce14.jpg,768,1024,"[[46.153221130371094, 14.117773056030273, 1002.7223510742188, 756.3547973632812], [16.914745330810547, 23.517017364501953, 953.8313598632812, 754.7958984375]]","[[0.04507150501012802, 0.018382517000039417, 0.9792210459709167, 0.9848369757334391], [0.016518305987119675, 0.030621116360028584, 0.9314759373664856, 0.9828071594238281]]","[[131.2, 11.199744, 1022.4005119999999, 766.400256]]",<class 'list'>,"[[0.128125, 0.014583, 0.9984379999999999, 0.997917]]","[[0.9399190169615653, 0.8964040161548759]]",[0.9399190169615653],1,0.9399190169615652
115,12bf9cb6a8232b40.jpg,/Mouse/12bf9cb6a8232b40.jpg,680,1024,"[[235.01791381835938, 274.7818298339844, 536.5897216796875, 561.6441650390625]]","[[0.22950968146324158, 0.4040909262264476, 0.5240134000778198, 0.8259473015280331]]","[[234.88, 274.6894, 524.16, 554.50124]]",<class 'list'>,"[[0.229375, 0.40395499999999995, 0.511875, 0.815443]]",[[0.9831100213937706]],[0.9831100213937706],1,0.9831100213937706
116,f5c84acd6a57ee68.jpg,/Mouse/f5c84acd6a57ee68.jpg,1024,1024,"[[16.376367568969727, 0.9097656011581421, 1015.0388793945312, 1009.8607177734375]]","[[0.015992546454072, 0.0008884429698809981, 0.9912489056587219, 0.9861921072006226]]","[[220.16, 71.68, 1011.712, 992.256]]",<class 'list'>,"[[0.215, 0.07, 0.988, 0.969]]",[[0.8585849816333377]],[0.8585849816333377],1,0.8585849816333377
117,b440c33e506bd653.jpg,/Mouse/b440c33e506bd653.jpg,768,1024,"[[277.11614990234375, 111.13838195800781, 760.5914306640625, 706.4783325195312], [0.29259032011032104, 318.15057373046875, 194.46286010742188, 459.24884033203125]]","[[0.27062124013900757, 0.144711434841156, 0.7427650690078735, 0.9198936621348063], [0.0002857327344827354, 0.41425855954488117, 0.18990513682365417, 0.597980260848999]]","[[220.16, 114.560256, 758.4, 700.160256]]",<class 'list'>,"[[0.215, 0.149167, 0.740625, 0.911667]]","[[0.9555667458786593, 0.39211232298323423]]",[0.9555667458786593],1,0.9555667458786592
118,053c7621db90c0ce.jpg,/Mouse/053c7621db90c0ce.jpg,682,1024,"[[0.0, 397.50762939453125, 115.3750991821289, 588.62744140625], [0.0, 397.1454162597656, 115.1751708984375, 671.2625122070312], [11.612695693969727, 23.6195068359375, 869.3859252929688, 656.3616943359375]]","[[0.0, 0.5828557615755591, 0.11267099529504776, 0.8630900900384897], [0.0, 0.5823246572723836, 0.11247575283050537, 0.9842558830015121], [0.011340523138642311, 0.03463270797058284, 0.8490096926689148, 0.9624071764456562]]","[[0.0, 14.714832, 1023.36, 681.3602840000001]]",<class 'list'>,"[[0.0, 0.021575999999999998, 0.999375, 0.9990620000000001]]","[[0.3602869738372237, 0.3944660107943227, 0.8960162344382865]]",[0.8960162344382865],1,0.8960162344382865
119,1e7d3dad8c4831ce.jpg,/Mouse/1e7d3dad8c4831ce.jpg,768,1024,"[[180.5430145263672, 209.4654541015625, 614.2614135742188, 548.3855590820312]]","[[0.17631153762340546, 0.27274147669474286, 0.599864661693573, 0.7140436967213949]]","[[179.2, 210.56025599999998, 980.48, 606.72]]",<class 'list'>,"[[0.175, 0.274167, 0.9575, 0.79]]",[[0.7580398423788437]],[0.7580398423788437],1,0.7580398423788437
120,a6184d74380ec5f2.jpg,/Mouse/a6184d74380ec5f2.jpg,768,1024,"[[172.9824676513672, 220.88687133789062, 514.9150390625, 448.2516174316406], [634.05029296875, 228.61190795898438, 896.8101806640625, 438.78826904296875]]","[[0.16892819106578827, 0.28761311372121173, 0.5028467178344727, 0.5836609601974487], [0.6191897392272949, 0.29767175515492755, 0.8757911920547485, 0.5713388919830322]]","[[623.36, 328.32, 889.6, 638.079744]]",<class 'list'>,"[[0.60875, 0.4275, 0.86875, 0.830833]]","[[0.41964796856951975, 0.7369797996055524]]",[0.7369797996055524],1,0.7369797996055524
121,9bc181ceaa144ef9.jpg,/Mouse/9bc181ceaa144ef9.jpg,682,1024,"[[388.3006591796875, 1.147607445716858, 904.5377807617188, 276.74053955078125], [0.0, 3.784863233566284, 1016.1013793945312, 673.9963989257812], [436.01007080078125, 265.1363220214844, 766.8629760742188, 517.5943603515625]]","[[0.3791998624801636, 0.001682708864687475, 0.883337676525116, 0.40577791722988454], [0.0, 0.005549652835141179, 0.9922865033149719, 0.9882645145539315], [0.42579108476638794, 0.388762935515373, 0.7488896250724792, 0.7589360122456928]]","[[431.36, 267.42584, 793.6, 522.055996]]",<class 'list'>,"[[0.42125, 0.39211999999999997, 0.775, 0.7654780000000001]]","[[0.5280084482192597, 0.47066312774205193, 0.9703841462700781]]",[0.9703841462700781],1,0.970384146270078
122,f2307337d4536be4.jpg,/Mouse/f2307337d4536be4.jpg,768,1024,"[[0.0, 17.462499618530273, 1024.0, 749.5813598632812], [1.000390648841858, 4.445556640625, 638.25634765625, 450.582763671875]]","[[0.0, 0.02273762971162796, 1.0, 0.9760173956553141], [0.0009769439930096269, 0.005788485209147136, 0.6232972145080566, 0.5866963068644205]]","[[192.64, 0.0, 624.0, 442.88025600000003]]",<class 'list'>,"[[0.188125, 0.0, 0.609375, 0.576667]]","[[0.560698651240971, 0.8677189510399124]]",[0.8677189510399124],1,0.8677189510399124
123,823c1701cbf0e337.jpg,/Mouse/823c1701cbf0e337.jpg,1024,768,"[[0.0, 90.9283218383789, 722.8517456054688, 1024.0], [1.39990234375, 94.70654296875, 715.4837646484375, 1024.0]]","[[0.0, 0.0887971892952919, 0.9412132104237875, 1.0], [0.0018227895100911458, 0.09248685836791992, 0.9316194852193197, 1.0]]","[[0.0, 68.48, 767.360256, 1023.36]]",<class 'list'>,"[[0.0, 0.066875, 0.999167, 0.999375]]","[[0.959694545469395, 0.9522097784920439]]",[0.959694545469395],1,0.959694545469395
124,7109d4c9569019d8.jpg,/Mouse/7109d4c9569019d8.jpg,696,1024,"[[1.490625023841858, 113.5441665649414, 980.4371337890625, 690.4742431640625], [25.046289443969727, 1.981225609779358, 1024.0, 645.2578125]]","[[0.0014556884998455644, 0.16313817035192732, 0.9574581384658813, 0.9920606942012392], [0.024459267035126686, 0.002846588519797928, 1.0, 0.9270945581896551]]","[[235.52, 30.706128, 954.368, 667.341504]]",<class 'list'>,"[[0.23, 0.044118, 0.932, 0.958824]]","[[0.8085445242428643, 0.8312491683736217]]",[0.8312491683736217],1,0.8312491683736217
125,58c71dd964f241a7.jpg,/Mouse/58c71dd964f241a7.jpg,681,1024,"[[260.60870361328125, 130.0021514892578, 773.4254150390625, 519.9450073242188]]","[[0.25450068712234497, 0.19089890086528313, 0.7552982568740845, 0.7635022133982654]]","[[257.28, 131.97167100000001, 799.36, 479.19858899999997]]",<class 'list'>,"[[0.25125, 0.19379100000000002, 0.780625, 0.703669]]",[[0.9428760487218082]],[0.9428760487218082],1,0.9428760487218082
126,1797f4e0c25701ce.jpg,/Mouse/1797f4e0c25701ce.jpg,683,1024,"[[190.75515747070312, 108.01416015625, 489.38946533203125, 318.622802734375]]","[[0.18628433346748352, 0.1581466473737189, 0.47791939973831177, 0.4665048356286603]]","[[370.683904, 424.155977, 538.089472, 557.928357]]",<class 'list'>,"[[0.361996, 0.621019, 0.525478, 0.816879]]",[[0.44134336240238564]],[0.44134336240238564],1,0.4413433624023856
127,c6cdfca37572b289.jpg,/Mouse/c6cdfca37572b289.jpg,796,1024,[],[],"[[98.869248, 208.26623600000002, 533.18656, 619.50292]]",<class 'list'>,"[[0.096552, 0.261641, 0.52069, 0.77827]]",[[]],[0],1,0.0
128,8a57c9d011841555.jpg,/Mouse/8a57c9d011841555.jpg,768,1024,"[[391.90380859375, 217.1216583251953, 754.0392456054688, 513.0183715820312], [943.2900390625, 508.2498474121094, 1024.0, 592.6048583984375]]","[[0.382718563079834, 0.2827104926109314, 0.7363664507865906, 0.6679926713307699], [0.9211816787719727, 0.6617836554845175, 1.0, 0.7716209093729655]]","[[8.32, 208.640256, 736.64, 709.760256]]",<class 'list'>,"[[0.008125, 0.271667, 0.719375, 0.9241670000000001]]","[[0.6493863546553719, 0.28218643365612367]]",[0.6493863546553719],1,0.6493863546553719
129,dd9c0a0b175392c7.jpg,/Mouse/dd9c0a0b175392c7.jpg,1024,782,"[[279.4120178222656, 536.0394287109375, 567.1969604492188, 659.4888916015625]]","[[0.35730437061670794, 0.5234760046005249, 0.725315806201047, 0.6440321207046509]]","[[233.60138600000002, 522.6526719999999, 563.705482, 720.395264]]",<class 'list'>,"[[0.298723, 0.5104029999999999, 0.7208509999999999, 0.703511]]",[[0.8978555621532995]],[0.8978555621532995],1,0.8978555621532995
130,32c4af936d09d396.jpg,/Mouse/32c4af936d09d396.jpg,768,1024,"[[74.4814453125, 3.1368165016174316, 846.5197143554688, 751.5130615234375], [166.19873046875, 4.09375, 855.2078857421875, 750.8377075195312]]","[[0.07273578643798828, 0.0040843964864810305, 0.8266794085502625, 0.978532632191976], [0.16230344772338867, 0.005330403645833333, 0.835163950920105, 0.9776532649993896]]","[[158.72, 0.0, 908.8, 766.719744]]",<class 'list'>,"[[0.155, 0.0, 0.8875, 0.998333]]","[[0.9106385797767159, 0.9530081892695648]]",[0.9530081892695648],1,0.9530081892695648
131,f15859b4059f35a9.jpg,/Mouse/f15859b4059f35a9.jpg,768,1024,"[[409.9759216308594, 275.8323669433594, 561.9212646484375, 437.99908447265625], [521.1746826171875, 390.94390869140625, 744.571533203125, 528.7680053710938]]","[[0.4003671109676361, 0.3591567277908325, 0.5487512350082397, 0.5703113079071045], [0.5089596509933472, 0.5090415477752686, 0.7271206378936768, 0.6885000069936117]]","[[405.76, 276.48, 551.04, 457.599744]]",<class 'list'>,"[[0.39625, 0.36000000000000004, 0.538125, 0.595833]]","[[0.9663472654044172, 0.6467309038902638]]",[0.9663472654044172],1,0.9663472654044172
132,7e83bc5b5ca5006c.jpg,/Mouse/7e83bc5b5ca5006c.jpg,683,1024,"[[142.75479125976562, 191.6050567626953, 514.6181640625, 597.2752075195312]]","[[0.13940897583961487, 0.2805344901357179, 0.5025568008422852, 0.8744878587401629]]","[[5.76, 77.525964, 729.6, 682.3593460000001], [631.68, 75.604002, 1023.36, 682.3593460000001]]",<class 'list'>,"[[0.005625, 0.113508, 0.7125, 0.9990620000000001], [0.616875, 0.11069399999999999, 0.999375, 0.9990620000000001]]","[[0.6751151823774355], [0.41869799915883865]]","[0.6751151823774355, 0.41869799915883865]",2,0.5469065907681371
133,3e35ee573ed26e3d.jpg,/Mouse/3e35ee573ed26e3d.jpg,768,1024,[],[],"[[188.8, 417.920256, 494.72, 520.3199999999999]]",<class 'list'>,"[[0.184375, 0.544167, 0.483125, 0.6774999999999999]]",[[]],[0],1,0.0
134,87f2b36cae7073da.jpg,/Mouse/87f2b36cae7073da.jpg,768,1024,"[[742.1685791015625, 118.50468444824219, 1023.15234375, 754.7780151367188], [0.0, 6.843774318695068, 766.7576293945312, 756.037109375], [19.484668731689453, 263.2713928222656, 368.5172119140625, 542.2657470703125]]","[[0.7247740030288696, 0.15430297454198202, 0.9991722106933594, 0.9827838738759359], [0.0, 0.008911164477467537, 0.7487867474555969, 0.9844233194986979], [0.01902799680829048, 0.342801292737325, 0.35988008975982666, 0.7060751914978027]]","[[508.16, 268.79999999999995, 623.36, 472.32]]",<class 'list'>,"[[0.49625, 0.3499999999999999, 0.60875, 0.615]]","[[0.42691997691623684, 0.407355876227811, 0.5098505784596576]]",[0.5098505784596576],1,0.5098505784596576
135,7f23f89efed45b00.jpg,/Mouse/7f23f89efed45b00.jpg,768,1024,"[[306.32080078125, 318.92755126953125, 723.4866333007812, 629.8536987304688], [0.66259765625, 171.69442749023438, 769.6629638671875, 753.3958740234375]]","[[0.29914140701293945, 0.41527024904886883, 0.7065299153327942, 0.8201220035552979], [0.0006470680236816406, 0.22356045246124268, 0.7516239881515503, 0.9809842109680176]]","[[301.44, 84.48, 746.24, 631.6800000000001]]",<class 'list'>,"[[0.294375, 0.11, 0.72875, 0.8225000000000001]]","[[0.804917206697272, 0.7078427330797565]]",[0.804917206697272],1,0.804917206697272
136,d2ed84a4183872fe.jpg,/Mouse/d2ed84a4183872fe.jpg,726,1024,"[[327.21826171875, 248.4591064453125, 930.7092895507812, 495.82550048828125], [336.09423828125, 247.1310577392578, 929.9183349609375, 498.48095703125]]","[[0.3195490837097168, 0.3422301741670971, 0.9088957905769348, 0.6829552348323433], [0.3282170295715332, 0.3404009059769391, 0.9081233739852905, 0.6866128884727961]]","[[120.832, 250.65077399999998, 957.780992, 524.523384]]",<class 'list'>,"[[0.118, 0.345249, 0.935333, 0.7224839999999999]]","[[0.8478228233213155, 0.8441281055866103]]",[0.8478228233213155],1,0.8478228233213155
137,60eaf66d1ceb02f5.jpg,/Mouse/60eaf66d1ceb02f5.jpg,683,1024,"[[492.0077209472656, 136.0149383544922, 1022.1725463867188, 648.4302978515625], [492.5556640625, 135.6133270263672, 1024.0, 643.3519897460938], [0.0, 98.33821105957031, 1020.3801879882812, 639.9376220703125]]","[[0.4804762899875641, 0.1991433943696811, 0.99821537733078, 0.9493855019788616], [0.48101139068603516, 0.1985553836403619, 1.0, 0.9419502046062866], [0.0, 0.14397981121459782, 0.9964650273323059, 0.9369511304104137]]","[[505.6, 134.549634, 1006.08, 641.9947289999999]]",<class 'list'>,"[[0.49375, 0.196998, 0.9825, 0.9399629999999999]]","[[0.9744474718058076, 0.9781194102934233, 0.7227375260641317]]",[0.9781194102934233],1,0.9781194102934232
138,23b8e27cc027010d.jpg,/Mouse/23b8e27cc027010d.jpg,768,1024,"[[376.7203063964844, 112.969970703125, 729.0869140625, 436.70269775390625]]","[[0.3678909242153168, 0.147096316019694, 0.7119989395141602, 0.5686233043670654]]","[[357.76, 110.720256, 727.68, 435.200256]]",<class 'list'>,"[[0.349375, 0.14416700000000002, 0.710625, 0.566667]]",[[0.9820438757428938]],[0.9820438757428938],1,0.9820438757428938
139,08f86263d567bf8b.jpg,/Mouse/08f86263d567bf8b.jpg,768,1024,"[[82.5462875366211, 26.001781463623047, 1008.9412841796875, 744.0496215820312], [79.9765625, 16.760839462280273, 1024.0, 745.0916748046875], [234.3309326171875, 1.3253905773162842, 951.6522216796875, 568.4464721679688]]","[[0.08061160892248154, 0.03385648628075918, 0.9852942228317261, 0.9688146114349365], [0.07810211181640625, 0.021824009716510773, 1.0, 0.9701714515686035], [0.22883880138397217, 0.0017257689808805783, 0.9293478727340698, 0.7401646773020426]]","[[219.199488, 0.0, 955.2005119999999, 609.5999999999999]]",<class 'list'>,"[[0.214062, 0.0, 0.9328129999999999, 0.7937499999999998]]","[[0.8079817786984526, 0.8052542270025673, 0.9588783400463975]]",[0.9588783400463975],1,0.9588783400463976
140,b1ac08684df57ef8.jpg,/Mouse/b1ac08684df57ef8.jpg,1024,1024,"[[26.523731231689453, 36.28105545043945, 1024.0, 980.4095458984375]]","[[0.02590208128094673, 0.03543071821331978, 1.0, 0.9574311971664429]]","[[199.04, 34.56, 993.92, 867.84]]",<class 'list'>,"[[0.194375, 0.03375, 0.970625, 0.8475]]",[[0.8476471939457897]],[0.8476471939457897],1,0.8476471939457897
141,c95bffba5f5c2a6d.jpg,/Mouse/c95bffba5f5c2a6d.jpg,681,1024,"[[425.12164306640625, 430.25506591796875, 571.524169921875, 591.8031005859375]]","[[0.41515785455703735, 0.6317989220528175, 0.558129072189331, 0.8690207057062225]]","[[421.76, 456.775983, 588.16, 588.747654]]",<class 'list'>,"[[0.411875, 0.670743, 0.574375, 0.864534]]",[[0.9492470467841471]],[0.9492470467841471],1,0.9492470467841472
142,41bd2773174e8eb7.jpg,/Mouse/41bd2773174e8eb7.jpg,768,1024,"[[1.75146484375, 0.0, 1024.0, 763.2459106445312]]","[[0.0017104148864746094, 0.0, 1.0, 0.9938097794850668]]","[[27.52, 0.0, 810.24, 712.959744]]",<class 'list'>,"[[0.026875, 0.0, 0.79125, 0.928333]]",[[0.8539467347565324]],[0.8539467347565324],1,0.8539467347565324
143,68ec6203cb939e82.jpg,/Mouse/68ec6203cb939e82.jpg,768,1024,"[[7.723340034484863, 39.031272888183594, 645.5670776367188, 646.9840087890625]]","[[0.007542324252426624, 0.05082196990648905, 0.6304365992546082, 0.8424270947774252]]","[[0.0, 32.64, 744.96, 656.000256]]",<class 'list'>,"[[0.0, 0.0425, 0.7275, 0.854167]]",[[0.929043597280319]],[0.929043597280319],1,0.929043597280319
144,1ace036a1879e44d.jpg,/Mouse/1ace036a1879e44d.jpg,792,1024,"[[61.4755859375, 63.70429611206055, 987.7242431640625, 704.4781494140625]]","[[0.060034751892089844, 0.08043471731320777, 0.9645744562149048, 0.8894926128965436]]","[[57.518080000000005, 62.732736, 991.755264, 686.574504]]",<class 'list'>,"[[0.056170000000000005, 0.079208, 0.968511, 0.8668870000000001]]",[[0.9828593628596953]],[0.9828593628596953],1,0.9828593628596952
145,20564f2e8c72a1e6.jpg,/Mouse/20564f2e8c72a1e6.jpg,682,1024,"[[166.07479858398438, 190.2264404296875, 905.4269409179688, 534.2296142578125], [116.6336898803711, 199.442626953125, 982.1310424804688, 610.7597045898438]]","[[0.16218242049217224, 0.2789243994570198, 0.8842059969902039, 0.7833278801434201], [0.1139000877737999, 0.2924378694327346, 0.9591123461723328, 0.8955420888414132]]","[[0.0, 189.37366799999998, 931.84, 609.7052719999999]]",<class 'list'>,"[[0.0, 0.277674, 0.91, 0.8939959999999999]]","[[0.8391549703287257, 0.9078085012663442]]",[0.9078085012663442],1,0.9078085012663442
146,184e5dadb24f5164.jpg,/Mouse/184e5dadb24f5164.jpg,1024,956,"[[242.72021484375, 216.597412109375, 601.3172607421875, 594.5078125]]","[[0.2538914381210774, 0.21152091026306152, 0.6289929505671418, 0.5805740356445312]]","[[218.349444, 206.72, 602.5429, 614.4]]",<class 'list'>,"[[0.22839900000000002, 0.201875, 0.630275, 0.6]]",[[0.960504621020207]],[0.960504621020207],1,0.960504621020207
147,10776260f503af88.jpg,/Mouse/10776260f503af88.jpg,685,1024,[],[],"[[401.99987200000004, 271.99980000000005, 554.0003839999999, 400.00027]]",<class 'list'>,"[[0.39257800000000004, 0.3970800000000001, 0.5410159999999999, 0.583942]]",[[]],[0],1,0.0
148,ec230998499ef412.jpg,/Mouse/ec230998499ef412.jpg,768,1024,"[[0.7540038824081421, 11.7705078125, 1019.0384521484375, 758.5006103515625], [457.44891357421875, 283.91131591796875, 627.2510986328125, 433.49237060546875]]","[[0.0007363319164142013, 0.015326182047526041, 0.9951547384262085, 0.9876310030619303], [0.446727454662323, 0.3696761926015218, 0.612549901008606, 0.5644431908925375]]","[[195.00032, 280.99968, 686.999552, 429.00019199999997]]",<class 'list'>,"[[0.19043, 0.365885, 0.670898, 0.5585939999999999]]","[[0.4488933907197883, 0.7819460253815609]]",[0.7819460253815609],1,0.7819460253815609
149,07832595d1d9d8cf.jpg,/Mouse/07832595d1d9d8cf.jpg,768,1024,"[[184.9766387939453, 179.45791625976562, 829.5026245117188, 640.9743041992188]]","[[0.18064124882221222, 0.23366916179656982, 0.8100611567497253, 0.8346019585927328]]","[[0.0, 188.799744, 836.799488, 656.000256]]",<class 'list'>,"[[0.0, 0.245833, 0.817187, 0.854167]]",[[0.8797973704898892]],[0.8797973704898892],1,0.8797973704898892
150,c58cf73eae178434.jpg,/Mouse/c58cf73eae178434.jpg,1024,853,"[[159.4502410888672, 525.6373291015625, 616.492919921875, 856.2735595703125]]","[[0.1869287703269252, 0.5133177042007446, 0.7227349588767585, 0.8362046480178833]]","[[134.99322099999998, 104.649728, 677.900425, 894.900224]]",<class 'list'>,"[[0.15825699999999998, 0.102197, 0.794725, 0.873926]]",[[0.7007358426473583]],[0.7007358426473583],1,0.7007358426473583
